{
  "project_info": {
    "project_number": "468581190085",
    "firebase_url": "https://medodd-d2fcc.firebaseio.com",
    "project_id": "medodd-d2fcc",
    "storage_bucket": "medodd-d2fcc.appspot.com"
  },
  "client": [
    {
      "client_info": {
        "mobilesdk_app_id": "1:468581190085:android:f71679ff61d4ba646c63ac",
        "android_client_info": {
          "package_name": "com.example.myapplication"
        }
      },
      "oauth_client": [
        {
          "client_id": "468581190085-osg31rs0a2qirf8pj8v5m7tdt9g7htqf.apps.googleusercontent.com",
          "client_type": 3
        }
      ],
      "api_key": [
        {
          "current_key": "AIzaSyAHd4zBKhb8CGgURNi9l8UWtFn1YZb1ttc"
        }
      ],
      "services": {
        "appinvite_service": {
          "other_platform_oauth_client": [
            {
              "client_id": "468581190085-osg31rs0a2qirf8pj8v5m7tdt9g7htqf.apps.googleusercontent.com",
              "client_type": 3
            }
          ]
        }
      }
    }
  ],
  "configuration_version": "1"
}